PassengerId,Survived,Pclass,Name,Sex,Age,SibSp,Parch,Ticket,Fare,Cabin,Embarked
1,0,3,Mr. James Brown,male,32.5,1,0,583624,12.0356,nan,S
2,1,3,Mr. Charles Wilson,male,27.6,0,0,26905,4.6168,E46,S
3,1,2,Miss. Susan Jackson,female,17.0,0,0,40273,10.5803,nan,S
4,0,3,Miss. Linda Anderson,female,9.2,0,0,135191,3.1917,C85,S
5,0,1,Mr. George Moore,male,4.4,0,0,388080,284.0902,A6,C
6,0,2,Mr. James Brown,male,31.4,1,0,167306,2.7998,nan,S
7,0,3,Mr. John Smith,male,7.6,0,0,219957,6.0444,nan,S
8,1,1,Mr. William Davis,male,13.3,0,1,76538,2.199,nan,S
9,0,1,Mr. Charles Wilson,male,,0,1,114570,21.0626,nan,S
10,1,1,Mrs. Patricia Taylor,female,0.4,5,0,697933,127.3668,nan,S
11,0,1,Mr. George Moore,male,41.0,0,0,889771,18.8675,nan,Q
12,1,1,Miss. Mary Johnson,female,0.4,2,0,272025,7.0098,nan,S
13,1,3,Mr. George Moore,male,28.6,0,0,393276,8.3631,nan,S
14,0,2,Mr. Charles Wilson,male,29.9,0,1,205392,0.2004,nan,S
15,0,3,Miss. Linda Anderson,female,37.5,0,0,138993,1.1515,nan,S
16,0,3,Mr. Charles Wilson,male,29.1,0,0,807762,21.4281,D56,S
17,0,2,Mr. George Moore,male,59.0,0,1,233112,29.522,nan,S
18,0,2,Mr. George Moore,male,32.8,0,1,221588,49.3348,nan,S
19,0,2,Mrs. Barbara Thomas,female,45.0,1,0,868985,38.5537,F2,C
20,0,3,Mrs. Barbara Thomas,female,19.2,1,0,706713,14.9423,nan,S
21,0,2,Mr. Charles Wilson,male,,1,0,157083,1.075,nan,S
22,0,3,Mr. John Smith,male,52.1,0,0,93537,19.8531,F2,S
23,0,2,Mr. George Moore,male,26.3,0,2,595273,37.3526,nan,S
24,0,3,Mrs. Patricia Taylor,female,32.5,0,1,551332,20.8632,G6,C
25,0,2,Miss. Mary Johnson,female,,1,1,441508,14.205,nan,Q
26,1,2,Mr. John Smith,male,18.9,2,0,656592,5.3028,nan,S
27,0,3,Mr. John Smith,male,0.4,0,1,146322,24.264,C85,C
28,0,3,Mr. James Brown,male,,0,0,268116,16.8854,nan,C
29,0,1,Mrs. Barbara Thomas,female,44.0,0,0,819721,331.8693,nan,Q
30,0,3,Miss. Susan Jackson,female,10.1,0,0,43087,2.2001,E101,S
31,0,3,Mr. William Davis,male,39.4,0,0,85952,3.3248,E101,S
32,0,3,Mr. William Davis,male,39.5,0,0,756055,3.094,B78,S
33,0,3,Mr. George Moore,male,,1,0,46368,20.4466,nan,C
34,1,2,Mrs. Patricia Taylor,female,16.1,0,0,654936,4.1382,nan,S
35,1,1,Mr. William Davis,male,,0,0,867247,5.7948,nan,S
36,1,2,Miss. Mary Johnson,female,27.1,5,0,100693,130.8734,nan,S
37,0,3,Mr. William Davis,male,18.9,0,0,464256,0.3267,G6,S
38,0,3,Mr. George Moore,male,18.1,0,0,593188,23.4428,nan,S
39,1,2,Mr. John Smith,male,,0,1,811926,9.0942,nan,C
40,0,1,Mr. William Davis,male,28.1,0,0,388630,154.7893,nan,S
41,0,3,Mr. George Moore,male,19.6,0,0,710526,10.5148,nan,C
42,0,3,Mrs. Patricia Taylor,female,29.1,1,0,232182,30.1474,A6,S
43,0,3,Mr. George Moore,male,37.5,0,1,166405,33.8819,nan,S
44,1,1,Mr. James Brown,male,30.4,0,0,829482,0.7677,nan,S
45,0,2,Mr. John Smith,male,26.7,0,0,632087,1.5681,F2,S
46,1,1,Miss. Susan Jackson,female,20.3,0,0,141016,24.2055,nan,S
47,0,3,Mrs. Barbara Thomas,female,20.1,1,0,239147,14.3857,nan,S
48,0,1,Mr. Charles Wilson,male,,1,0,622545,184.1019,nan,S
49,0,3,Mrs. Barbara Thomas,female,34.6,0,0,58070,8.009,nan,C
50,0,2,Mr. Charles Wilson,male,15.3,1,0,801598,18.6775,nan,S
51,1,3,Mr. Charles Wilson,male,35.4,0,0,410337,2.7153,C103,S
52,1,3,Mrs. Patricia Taylor,female,50.2,5,0,680037,21.2496,nan,S
53,1,3,Miss. Susan Jackson,female,,0,0,721921,44.4761,C85,S
54,1,1,Miss. Mary Johnson,female,24.3,4,0,485125,26.2746,E101,S
55,0,1,Mr. Charles Wilson,male,,1,0,883841,57.3596,nan,S
56,1,1,Mr. Charles Wilson,male,,0,0,47664,7.5643,nan,S
57,0,3,Miss. Mary Johnson,female,12.7,0,0,926358,10.6473,nan,S
58,0,3,Mr. John Smith,male,,5,0,518034,9.0835,nan,S
59,0,3,Mr. Charles Wilson,male,39.0,1,1,797725,2.0279,D56,S
60,0,3,Mr. James Brown,male,,0,2,949947,7.5857,nan,S
61,0,3,Mr. John Smith,male,25.9,1,0,508477,5.2861,nan,S
62,0,1,Mr. George Moore,male,3.1,0,0,321356,61.9744,nan,C
63,1,3,Miss. Susan Jackson,female,34.5,0,0,85276,11.4537,nan,S
64,0,2,Mr. James Brown,male,38.7,0,1,808991,0.1706,nan,S
65,0,2,Mr. William Davis,male,13.9,0,0,75231,28.6263,nan,S
66,0,3,Mr. James Brown,male,27.4,1,0,642565,16.2282,nan,S
67,0,1,Mrs. Barbara Thomas,female,30.2,0,1,180116,38.3173,nan,S
68,1,1,Mr. William Davis,male,38.2,1,0,293891,4.5686,nan,S
69,0,3,Mr. Charles Wilson,male,29.8,0,1,771816,18.2809,nan,Q
70,1,1,Miss. Susan Jackson,female,6.1,0,0,476725,260.8194,nan,C
71,1,3,Miss. Mary Johnson,female,22.0,0,0,433345,3.5703,nan,S
72,0,2,Mrs. Barbara Thomas,female,33.0,0,1,272181,7.8172,nan,S
73,0,2,Miss. Susan Jackson,female,41.9,0,0,900726,4.0622,nan,S
74,1,2,Mr. James Brown,male,20.7,0,0,107847,17.2046,C103,S
75,1,2,Mrs. Barbara Thomas,female,61.4,0,0,638030,3.3646,nan,S
76,1,3,Mr. George Moore,male,2.2,0,2,787725,5.7247,nan,S
77,1,2,Miss. Mary Johnson,female,21.5,0,0,58503,23.8813,B78,S
78,0,3,Mrs. Barbara Thomas,female,28.5,0,0,824639,10.6762,C103,S
79,0,3,Miss. Susan Jackson,female,26.8,1,0,512376,6.3507,nan,Q
80,0,3,Mrs. Barbara Thomas,female,,1,0,305385,7.087,nan,S
81,1,3,Mr. John Smith,male,36.2,0,0,927562,10.7353,nan,Q
82,1,3,Mr. Charles Wilson,male,35.1,0,0,995676,0.0765,nan,C
83,0,1,Mrs. Barbara Thomas,female,30.4,0,0,368315,6.8681,E46,S
84,0,1,Miss. Susan Jackson,female,34.5,3,2,680194,178.9874,nan,C
85,0,2,Mr. William Davis,male,23.6,0,0,484329,1.6216,nan,S
86,0,3,Mr. Charles Wilson,male,6.2,0,0,269966,15.9499,nan,S
87,1,1,Mr. William Davis,male,19.3,0,0,913734,212.2013,nan,S
88,1,3,Mrs. Patricia Taylor,female,32.0,0,0,692550,4.1034,nan,S
89,1,3,Mrs. Barbara Thomas,female,32.1,0,2,82832,6.0166,D56,S
90,0,2,Mr. William Davis,male,30.3,1,0,293527,16.8293,nan,S
91,0,3,Mr. James Brown,male,37.7,0,0,776334,27.7499,nan,S
92,1,1,Miss. Susan Jackson,female,21.3,0,0,396435,239.0376,nan,S
93,1,1,Mrs. Barbara Thomas,female,30.1,0,0,952164,113.0132,nan,S
94,0,3,Mr. George Moore,male,,0,0,773389,1.1778,nan,S
95,1,3,Mr. James Brown,male,28.5,1,0,799106,14.3793,C103,S
96,0,3,Mr. George Moore,male,,0,0,386244,6.8659,nan,S
97,0,2,Mr. George Moore,male,15.8,1,0,381513,12.724,D56,S
98,0,2,Mr. John Smith,male,41.7,0,0,557108,1.0079,nan,
99,0,3,Mrs. Patricia Taylor,female,49.9,0,0,750400,2.7564,nan,C
100,0,3,Miss. Susan Jackson,female,46.7,3,3,428882,20.3203,nan,S
101,0,3,Mr. William Davis,male,33.1,0,0,53794,7.8658,nan,S
102,1,2,Mrs. Patricia Taylor,female,12.3,1,0,929580,7.181,F2,S
103,0,3,Mr. John Smith,male,29.6,0,0,992358,6.299,nan,C
104,0,2,Mr. Charles Wilson,male,52.4,1,0,138544,38.5378,nan,S
105,1,1,Mr. George Moore,male,38.7,0,0,979846,116.1131,nan,S
106,0,3,Mr. William Davis,male,26.7,0,2,47555,4.1325,E101,S
107,0,1,Miss. Mary Johnson,female,38.8,1,0,720568,10.4999,nan,S
108,1,3,Mrs. Patricia Taylor,female,11.3,2,2,828838,3.7745,nan,S
109,0,3,Mr. George Moore,male,,1,0,464788,32.958,nan,S
110,0,1,Mr. John Smith,male,14.0,1,0,50262,73.1884,nan,Q
111,0,3,Miss. Mary Johnson,female,36.5,1,2,887752,9.9119,nan,S
112,0,3,Mr. William Davis,male,40.1,0,0,752021,11.7951,F2,S
113,1,3,Mr. Charles Wilson,male,,0,2,426432,5.9248,nan,S
114,1,3,Mrs. Barbara Thomas,female,17.0,0,0,471333,21.3931,nan,S
115,1,3,Mr. Charles Wilson,male,,0,2,746496,9.6309,nan,C
116,1,3,Mr. James Brown,male,22.6,0,0,302428,1.6139,nan,S
117,1,3,Mr. John Smith,male,18.2,0,0,685531,1.7964,nan,S
118,0,2,Mrs. Patricia Taylor,female,34.6,0,0,887059,15.3945,C85,S
119,1,3,Mr. John Smith,male,18.7,1,0,941837,35.8517,E101,C
120,0,1,Mr. William Davis,male,7.0,0,0,433751,30.969,D56,C
121,1,3,Miss. Linda Anderson,female,,0,0,99023,26.4771,A6,S
122,1,3,Mr. James Brown,male,,0,0,217012,18.7763,nan,S
123,0,1,Mrs. Patricia Taylor,female,33.3,1,0,174772,23.9206,nan,S
124,0,3,Mr. William Davis,male,31.9,1,1,486799,0.4812,nan,Q
125,0,3,Miss. Susan Jackson,female,31.2,0,0,51516,1.3964,nan,S
126,0,1,Mr. Charles Wilson,male,,0,0,287721,109.5167,nan,S
127,1,3,Mr. Charles Wilson,male,47.0,0,0,265623,2.8955,nan,S
128,1,3,Mr. William Davis,male,,0,0,549303,6.0327,nan,S
129,0,1,Mr. Charles Wilson,male,,0,0,101104,58.5103,A6,S
130,0,3,Miss. Susan Jackson,female,6.8,0,0,386556,16.8049,nan,Q
131,0,2,Miss. Susan Jackson,female,49.7,0,2,363884,2.4034,C123,S
132,0,3,Mr. John Smith,male,,0,1,762644,6.7794,nan,C
133,0,3,Mr. James Brown,male,19.4,3,0,424452,8.6285,nan,S
134,0,3,Mrs. Barbara Thomas,female,,3,0,338784,10.1183,nan,S
135,1,3,Miss. Susan Jackson,female,7.6,0,0,617478,22.1745,nan,S
136,0,3,Mr. James Brown,male,30.2,0,0,139516,2.4486,nan,S
137,0,3,Mr. James Brown,male,,0,0,973208,21.442,nan,Q
138,1,2,Mr. John Smith,male,27.0,0,0,183441,23.6102,nan,C
139,0,3,Mrs. Patricia Taylor,female,7.4,3,0,669006,10.5513,nan,S
140,1,1,Mr. James Brown,male,58.5,0,0,97007,101.0016,nan,S
141,1,3,Mr. William Davis,male,37.7,1,0,691266,6.9038,nan,S
142,0,1,Mr. John Smith,male,,0,1,752003,12.5128,nan,Q
143,0,1,Miss. Mary Johnson,female,,4,0,57728,92.0566,nan,C
144,0,1,Mr. Charles Wilson,male,43.6,0,1,811310,62.4751,nan,C
145,0,3,Mr. James Brown,male,41.0,1,5,519958,13.2589,nan,S
146,0,2,Mr. Charles Wilson,male,,0,0,925357,8.2498,nan,S
147,0,3,Mr. George Moore,male,50.2,0,0,19145,30.8584,nan,S
148,0,1,Mr. James Brown,male,,0,0,622866,74.3571,nan,S
149,0,2,Mr. George Moore,male,24.5,0,2,28226,1.7854,nan,S
150,0,3,Mr. William Davis,male,0.4,2,3,274946,7.7672,nan,S
151,1,3,Mr. James Brown,male,,2,0,558407,18.3566,nan,S
152,0,2,Mr. Charles Wilson,male,10.5,1,0,73560,31.6107,nan,C
153,0,3,Mrs. Barbara Thomas,female,21.7,0,1,67353,8.8712,nan,C
154,0,3,Mrs. Patricia Taylor,female,14.8,1,0,255741,29.2681,nan,S
155,1,3,Mr. Charles Wilson,male,24.4,0,1,758081,4.0498,nan,S
156,0,1,Mrs. Patricia Taylor,female,36.1,0,2,395145,44.4064,nan,S
157,1,1,Mr. John Smith,male,29.9,0,0,465342,192.2467,nan,C
158,1,3,Mr. Charles Wilson,male,40.0,0,0,605929,227.53,nan,C
159,0,1,Mr. James Brown,male,48.1,0,0,61712,97.2256,nan,C
160,1,3,Mr. James Brown,male,24.4,0,0,455405,25.4651,nan,S
161,0,3,Mrs. Barbara Thomas,female,22.8,0,0,985288,1.2085,nan,S
162,1,3,Miss. Mary Johnson,female,,1,1,664373,26.0318,G6,S
163,1,3,Mrs. Barbara Thomas,female,44.7,0,2,340429,5.0255,F2,S
164,0,3,Mr. James Brown,male,40.4,0,2,125278,2.5534,nan,S
165,0,2,Mr. John Smith,male,15.9,0,0,519272,5.4722,nan,C
166,1,3,Mr. George Moore,male,35.8,0,1,708309,7.036,nan,S
167,0,2,Mr. William Davis,male,31.3,0,0,175201,5.7855,nan,S
168,0,3,Mr. Charles Wilson,male,45.0,0,0,820944,5.0245,C103,S
169,0,3,Mr. James Brown,male,21.4,0,0,636365,1.885,E46,Q
170,0,3,Mr. John Smith,male,,1,0,744391,4.566,nan,S
171,1,3,Mr. John Smith,male,39.7,0,2,466770,11.0408,nan,S
172,0,3,Miss. Susan Jackson,female,0.4,1,0,274208,7.5807,nan,S
173,0,2,Mrs. Barbara Thomas,female,19.1,0,0,629902,8.515,nan,S
174,0,2,Miss. Mary Johnson,female,,0,0,192639,27.4441,A6,S
175,1,3,Mr. George Moore,male,14.8,1,0,127639,29.1162,D56,S
176,0,2,Mr. James Brown,male,18.8,0,0,302155,28.2765,nan,S
177,1,1,Mr. George Moore,male,,0,0,343296,33.8913,nan,C
178,0,2,Mrs. Barbara Thomas,female,41.6,1,0,738871,27.2861,nan,S
179,1,2,Mr. George Moore,male,26.0,0,0,20960,3.297,nan,S
180,0,2,Mr. John Smith,male,46.1,1,1,496744,2.7926,B78,Q
181,0,1,Miss. Mary Johnson,female,14.3,0,0,131789,35.6225,nan,S
182,0,1,Mr. William Davis,male,12.3,1,0,331064,263.0,nan,S
183,1,1,Mr. George Moore,male,,0,0,817819,23.7573,nan,C
184,1,3,Mr. James Brown,male,38.1,0,0,418540,0.8495,E46,S
185,0,2,Mr. Charles Wilson,male,23.0,0,0,598248,2.8246,nan,S
186,1,2,Mr. William Davis,male,13.2,0,0,132994,39.1438,D56,S
187,1,3,Mr. George Moore,male,,0,2,999283,13.0589,G6,S
188,0,1,Mr. James Brown,male,,0,0,304772,24.5246,A6,S
189,0,3,Mr. William Davis,male,21.0,0,1,917701,10.5345,nan,C
190,0,3,Miss. Mary Johnson,female,33.0,0,6,740456,9.7485,nan,S
191,0,1,Mr. Charles Wilson,male,55.8,0,0,843884,89.4999,nan,S
192,1,2,Mr. George Moore,male,35.3,1,0,837530,5.3103,nan,Q
193,1,3,Mr. James Brown,male,,0,0,473675,25.9749,nan,S
194,1,3,Miss. Mary Johnson,female,,0,2,704595,4.8119,nan,S
195,0,3,Mr. William Davis,male,37.9,0,2,359005,15.3998,nan,S
196,0,3,Mr. Charles Wilson,male,31.2,0,0,37949,0.2113,B78,S
197,1,1,Miss. Linda Anderson,female,,2,1,163893,39.166,nan,S
198,1,3,Miss. Linda Anderson,female,41.2,0,0,212684,5.6344,nan,S
199,1,1,Mr. James Brown,male,43.8,3,2,949536,65.8671,nan,Q
200,1,3,Miss. Mary Johnson,female,41.3,0,2,345681,0.9817,nan,Q
201,1,3,Mr. George Moore,male,30.2,1,0,418519,20.2966,G6,C
202,0,3,Mr. James Brown,male,15.8,0,0,388147,3.1931,nan,C
203,0,3,Mr. Charles Wilson,male,0.4,1,0,223065,14.6929,D56,S
204,1,1,Mr. William Davis,male,32.0,0,0,792086,136.5528,nan,S
205,0,1,Mrs. Barbara Thomas,female,45.4,0,1,415519,69.3215,nan,C
206,0,1,Mr. James Brown,male,44.1,0,0,584989,113.44,nan,S
207,0,1,Mr. James Brown,male,41.5,0,0,846943,91.0809,nan,Q
208,1,3,Miss. Susan Jackson,female,28.6,2,0,90664,5.7112,nan,S
209,0,2,Miss. Linda Anderson,female,45.5,0,3,421496,33.0948,nan,S
210,0,1,Mr. James Brown,male,43.1,0,0,49427,29.3273,nan,S
211,0,3,Mr. Charles Wilson,male,,1,0,107180,11.0083,nan,Q
212,1,3,Mr. George Moore,male,39.5,0,0,637838,17.7847,nan,S
213,1,3,Mrs. Barbara Thomas,female,21.9,3,4,934471,6.1926,E46,C
214,0,3,Miss. Linda Anderson,female,37.5,1,1,934165,4.6883,nan,S
215,1,1,Miss. Susan Jackson,female,10.9,0,0,87952,51.658,nan,S
216,0,2,Mr. George Moore,male,,1,0,76046,34.071,nan,C
217,0,3,Mr. George Moore,male,45.0,0,0,116918,34.5559,E101,S
218,1,3,Mr. John Smith,male,,0,0,831632,10.2393,C123,S
219,1,1,Mr. George Moore,male,38.9,0,0,339586,90.983,nan,S
220,1,3,Mr. Charles Wilson,male,31.0,0,2,464887,30.3663,nan,S
221,1,1,Mrs. Barbara Thomas,female,0.4,1,0,625358,8.7148,nan,S
222,0,1,Mr. William Davis,male,28.6,2,1,592456,22.1817,E101,S
223,0,3,Mr. James Brown,male,36.3,0,0,844754,16.0431,C103,S
224,0,3,Mrs. Patricia Taylor,female,21.9,0,0,965200,22.5657,C103,Q
225,0,3,Mr. John Smith,male,19.4,3,0,80246,25.2865,nan,S
226,0,1,Miss. Susan Jackson,female,50.6,0,0,704252,45.0514,nan,C
227,1,3,Mr. John Smith,male,28.8,0,0,549871,1.2166,E46,S
228,0,2,Mr. William Davis,male,36.3,0,0,354864,11.5173,nan,S
229,1,1,Mr. William Davis,male,40.9,1,0,458431,22.0348,nan,S
230,1,3,Mr. James Brown,male,15.2,0,0,690213,4.4743,nan,S
231,1,3,Miss. Linda Anderson,female,32.5,1,0,409325,19.2346,C123,S
232,0,3,Mr. George Moore,male,48.8,1,6,249285,1.0209,nan,S
233,0,3,Mr. Charles Wilson,male,56.1,0,0,331901,22.8518,nan,S
234,0,3,Mr. William Davis,male,30.3,0,1,803091,7.2545,nan,S
235,0,3,Mr. John Smith,male,26.2,1,0,273382,11.7845,nan,S
236,1,1,Miss. Susan Jackson,female,33.6,0,1,655558,7.89,nan,S
237,0,2,Mr. William Davis,male,33.2,1,0,915643,8.2304,nan,S
238,0,2,Miss. Linda Anderson,female,49.8,2,1,25064,1.8796,nan,Q
239,1,2,Miss. Susan Jackson,female,,0,0,172187,65.1647,nan,S
240,0,3,Mr. William Davis,male,25.6,1,0,697312,21.4035,B78,S
241,1,3,Mrs. Barbara Thomas,female,,1,0,670980,8.0016,G6,S
242,1,1,Mr. James Brown,male,15.0,1,0,634078,21.2596,nan,C
243,1,1,Mr. George Moore,male,35.2,0,0,899417,227.6298,C123,S
244,0,3,Mr. John Smith,male,41.4,0,0,54258,5.4926,nan,C
245,0,1,Miss. Linda Anderson,female,20.3,0,0,669830,14.7442,nan,S
246,1,3,Mrs. Patricia Taylor,female,40.9,0,1,949507,10.7666,nan,Q
247,0,3,Mr. John Smith,male,45.8,0,0,955075,37.4189,nan,C
248,1,3,Miss. Mary Johnson,female,57.8,1,0,821100,0.0499,B78,C
249,1,3,Mr. Charles Wilson,male,,0,0,349403,3.5356,nan,S
250,1,3,Mr. James Brown,male,,0,0,646480,36.2423,nan,S
251,0,2,Mr. George Moore,male,15.2,0,0,368720,3.7528,nan,S
252,0,3,Mrs. Patricia Taylor,female,13.7,1,0,639769,1.5624,nan,S
253,1,3,Mr. James Brown,male,47.8,0,2,907937,10.9773,nan,C
254,0,2,Mr. John Smith,male,7.7,0,1,173118,39.5874,nan,S
255,0,3,Mr. Charles Wilson,male,47.4,0,1,212049,8.429,nan,S
256,0,3,Mr. Charles Wilson,male,17.1,1,0,781888,67.7919,nan,S
257,1,3,Mr. James Brown,male,19.8,0,1,480471,14.779,nan,S
258,1,3,Mr. James Brown,male,27.5,0,0,15397,1.0005,nan,S
259,0,3,Miss. Linda Anderson,female,19.5,3,0,896357,64.1959,nan,C
260,0,3,Mr. John Smith,male,43.2,1,0,617769,6.8129,E101,S
261,0,3,Mr. George Moore,male,56.0,3,0,163305,4.4049,A6,S
262,1,3,Mr. George Moore,male,20.2,0,0,486552,10.6102,G6,S
263,0,3,Mrs. Barbara Thomas,female,23.4,0,0,332452,4.717,nan,S
264,0,3,Miss. Mary Johnson,female,27.3,1,0,210798,1.1755,nan,S
265,1,3,Mr. Charles Wilson,male,37.5,0,0,466435,0.0186,D56,S
266,1,1,Miss. Susan Jackson,female,27.5,1,0,506574,50.1547,nan,S
267,1,3,Mr. James Brown,male,49.8,0,0,535418,23.5712,nan,S
268,1,3,Mr. John Smith,male,46.3,0,0,658581,11.0418,nan,C
269,0,1,Mr. John Smith,male,,0,0,548359,599.7654,nan,S
270,0,3,Mr. William Davis,male,,0,1,881949,4.3948,B78,Q
271,1,1,Mr. James Brown,male,51.7,0,0,382384,27.6474,nan,C
272,1,2,Mrs. Patricia Taylor,female,22.5,0,0,536406,3.4811,nan,C
273,1,3,Mrs. Barbara Thomas,female,,4,0,666023,2.3296,nan,S
274,1,1,Miss. Mary Johnson,female,22.0,0,0,72408,28.2016,nan,Q
275,0,3,Mr. Charles Wilson,male,22.3,0,1,61786,20.4654,nan,C
276,0,3,Mr. James Brown,male,5.5,1,0,615559,30.7044,nan,C
277,1,3,Miss. Linda Anderson,female,10.4,0,0,29158,48.0008,nan,S
278,1,1,Mr. John Smith,male,30.8,0,1,827519,22.2048,nan,C
279,1,2,Mr. James Brown,male,51.6,1,0,98114,42.6227,nan,Q
280,1,3,Mr. William Davis,male,,0,0,718481,5.1724,nan,S
281,1,3,Miss. Susan Jackson,female,,1,0,531358,1.5565,nan,S
282,0,3,Mr. James Brown,male,54.4,1,0,554162,26.5254,nan,Q
283,0,2,Mr. George Moore,male,,4,0,249139,20.2178,nan,S
284,0,3,Mrs. Barbara Thomas,female,5.6,0,0,879875,2.34,G6,S
285,0,3,Mr. George Moore,male,17.7,0,6,575109,7.3037,C85,S
286,0,3,Mr. James Brown,male,20.1,0,0,649963,4.4023,nan,Q
287,0,1,Mr. George Moore,male,,0,0,332726,112.1249,nan,S
288,0,3,Mr. John Smith,male,27.8,1,0,132603,7.8529,nan,S
289,0,3,Mrs. Patricia Taylor,female,43.5,0,2,950291,58.9633,nan,S
290,0,3,Mr. William Davis,male,11.1,0,1,992207,0.7319,nan,C
291,0,2,Mr. George Moore,male,,1,0,424921,8.7706,D56,S
292,0,3,Miss. Mary Johnson,female,35.4,0,0,603669,8.5486,nan,C
293,1,3,Mrs. Barbara Thomas,female,28.5,0,0,908232,9.0926,E46,Q
294,0,1,Mrs. Barbara Thomas,female,32.4,0,0,507821,31.8951,nan,S
295,0,3,Mr. George Moore,male,32.6,1,0,402949,16.9848,nan,S
296,0,3,Mr. Charles Wilson,male,,0,0,185725,27.0065,nan,S
297,1,1,Miss. Linda Anderson,female,,1,0,878450,234.5524,nan,S
298,0,2,Mrs. Patricia Taylor,female,47.8,0,2,897024,32.7047,nan,S
299,1,3,Mr. John Smith,male,47.0,1,0,888058,24.7129,nan,C
300,0,1,Mr. George Moore,male,44.4,1,2,620505,67.1765,nan,C
301,0,3,Mr. Charles Wilson,male,6.9,0,0,788873,22.7248,nan,S
302,0,2,Mrs. Patricia Taylor,female,,0,0,959756,7.2339,nan,S
303,0,3,Mr. William Davis,male,39.2,0,0,476548,6.6078,nan,S
304,1,1,Mr. Charles Wilson,male,7.4,1,0,344943,32.0152,nan,S
305,1,3,Mr. Charles Wilson,male,26.6,0,0,334329,8.1895,nan,S
306,1,3,Miss. Mary Johnson,female,33.7,0,0,481529,4.3717,nan,C
307,0,3,Miss. Linda Anderson,female,53.8,0,0,313682,42.3799,nan,Q
308,0,3,Mr. William Davis,male,40.2,0,0,816775,4.8775,nan,S
309,1,1,Miss. Susan Jackson,female,17.2,0,1,508905,8.668,nan,C
310,0,3,Miss. Mary Johnson,female,54.3,0,0,221470,9.7276,nan,S
311,0,1,Mr. George Moore,male,30.3,0,0,444448,4.9387,nan,C
312,0,1,Mr. John Smith,male,26.0,1,0,130026,9.8401,nan,S
313,0,2,Mr. William Davis,male,,0,2,244257,4.9536,E46,S
314,1,3,Miss. Mary Johnson,female,6.2,0,0,63106,8.1156,nan,Q
315,1,3,Mr. John Smith,male,28.1,3,0,910754,7.3819,nan,S
316,1,3,Mr. John Smith,male,36.9,1,0,91227,20.9027,E101,C
317,0,3,Mrs. Patricia Taylor,female,24.1,2,0,456295,17.4857,nan,S
318,0,2,Mr. James Brown,male,35.8,0,3,690388,11.1136,G6,S
319,0,3,Miss. Linda Anderson,female,,0,0,576423,5.2783,nan,S
320,0,2,Mr. John Smith,male,27.7,0,0,696426,7.6097,nan,S
321,0,3,Mr. William Davis,male,34.3,1,0,653887,19.3336,C85,S
322,1,1,Mrs. Patricia Taylor,female,32.5,0,0,764077,4.4921,nan,S
323,1,3,Miss. Mary Johnson,female,6.4,0,2,93470,0.1678,nan,S
324,0,3,Mr. George Moore,male,23.3,0,0,817342,20.6363,nan,S
325,1,1,Mrs. Patricia Taylor,female,,0,0,778378,54.4701,nan,S
326,1,1,Mrs. Patricia Taylor,female,,0,0,148213,11.7831,nan,S
327,0,3,Mr. James Brown,male,29.9,0,0,55950,3.4921,nan,Q
328,0,3,Miss. Mary Johnson,female,28.4,0,1,721083,35.0439,nan,S
329,0,2,Mr. Charles Wilson,male,52.4,0,0,288369,39.2514,nan,S
330,0,3,Mr. George Moore,male,,4,0,503466,16.0827,nan,S
331,0,1,Mr. George Moore,male,41.4,1,2,305103,55.2901,nan,S
332,1,2,Miss. Linda Anderson,female,15.6,2,0,845624,14.6929,nan,S
333,0,3,Miss. Mary Johnson,female,34.9,1,0,89711,48.0832,E101,S
334,0,2,Mr. James Brown,male,,0,0,151123,67.4933,nan,S
335,0,3,Mr. Charles Wilson,male,,0,4,212500,3.1514,nan,S
336,0,2,Mr. John Smith,male,17.1,0,0,789572,33.3312,A6,C
337,1,2,Mr. John Smith,male,54.4,0,0,275593,4.3941,E101,S
338,1,3,Mrs. Barbara Thomas,female,25.3,0,0,968599,3.1227,nan,S
339,0,2,Mrs. Patricia Taylor,female,,0,0,376357,22.546,A6,S
340,0,3,Mr. John Smith,male,44.2,0,0,694550,6.7495,nan,C
341,0,1,Miss. Susan Jackson,female,35.6,0,0,634533,225.2519,D56,S
342,0,1,Mr. George Moore,male,36.3,0,0,107069,7.8307,nan,S
343,0,1,Mrs. Barbara Thomas,female,9.4,0,0,691501,60.1833,nan,S
344,0,3,Mrs. Patricia Taylor,female,32.7,1,0,243597,32.5964,nan,S
345,0,2,Mr. Charles Wilson,male,,0,1,558196,46.8918,G6,S
346,0,3,Mr. John Smith,male,39.6,0,2,376991,2.213,nan,C
347,1,3,Miss. Susan Jackson,female,31.9,0,0,917342,263.0,nan,S
348,0,3,Mr. William Davis,male,54.5,0,0,788628,12.5486,nan,S
349,0,1,Mr. Charles Wilson,male,27.0,0,0,959826,14.5852,G6,S
350,1,3,Mr. William Davis,male,20.7,0,0,978214,44.7553,G6,S
351,0,3,Mr. William Davis,male,,0,1,810444,32.0081,nan,S
352,1,3,Mr. George Moore,male,40.8,0,0,962393,2.3746,nan,S
353,1,3,Mrs. Barbara Thomas,female,,2,0,27412,1.6789,nan,S
354,0,3,Miss. Linda Anderson,female,,2,1,382174,1.1606,nan,S
355,0,3,Mr. John Smith,male,41.5,0,0,821089,31.2232,C103,S
356,1,1,Mrs. Patricia Taylor,female,25.8,0,0,277800,18.0772,nan,S
357,0,1,Mr. James Brown,male,45.8,1,0,150039,45.2208,nan,S
358,0,3,Miss. Susan Jackson,female,39.0,0,0,488174,7.7448,nan,S
359,1,3,Mrs. Barbara Thomas,female,60.8,0,0,418980,11.8797,nan,S
360,0,3,Mr. Charles Wilson,male,18.8,0,1,812305,512.33,nan,S
361,0,3,Mrs. Patricia Taylor,female,41.7,2,1,628773,3.3431,nan,S
362,1,1,Mr. John Smith,male,14.9,0,0,905815,225.1856,nan,S
363,0,1,Mr. James Brown,male,6.3,0,2,454246,200.7965,nan,Q
364,0,3,Mrs. Patricia Taylor,female,0.4,1,0,208879,19.7602,nan,S
365,1,2,Mr. Charles Wilson,male,37.5,0,1,535895,0.3918,nan,S
366,0,1,Mr. William Davis,male,32.4,0,0,160595,33.2657,nan,C
367,1,3,Mr. John Smith,male,22.8,4,2,582735,12.8538,nan,C
368,1,1,Mrs. Barbara Thomas,female,,0,2,59757,27.0351,nan,S
369,0,3,Mr. James Brown,male,19.7,0,0,794402,31.2437,nan,C
370,0,2,Mr. William Davis,male,,0,2,260495,20.0964,nan,S
371,0,3,Miss. Mary Johnson,female,41.2,0,1,758886,0.9701,nan,S
372,0,2,Miss. Susan Jackson,female,29.5,0,1,865633,47.9391,nan,S
373,0,3,Mr. John Smith,male,33.4,0,0,400909,41.1391,nan,S
374,1,1,Mr. John Smith,male,24.2,0,1,222916,6.7954,nan,S
375,0,1,Mr. James Brown,male,55.1,1,1,998892,63.8448,nan,S
376,0,2,Mr. James Brown,male,14.9,0,0,801894,7.2299,nan,Q
377,1,3,Mr. George Moore,male,19.6,0,2,388976,6.4865,A6,C
378,0,3,Miss. Susan Jackson,female,22.6,0,0,172867,2.5743,D56,C
379,1,2,Miss. Susan Jackson,female,,1,0,735166,17.2584,nan,C
380,0,3,Mr. Charles Wilson,male,,0,0,320609,41.2047,nan,Q
381,0,3,Mr. Charles Wilson,male,31.7,0,0,464325,9.091,nan,S
382,1,3,Mrs. Patricia Taylor,female,32.1,0,0,100027,1.1252,nan,S
383,1,1,Mr. James Brown,male,19.6,0,0,60528,81.2774,nan,S
384,1,3,Miss. Susan Jackson,female,34.5,0,2,308374,5.4061,E101,C
385,1,1,Mr. Charles Wilson,male,,1,0,58242,162.7435,nan,S
386,1,2,Mr. William Davis,male,,0,0,469099,11.4072,E46,C
387,0,3,Mrs. Barbara Thomas,female,31.1,0,0,124688,2.785,nan,S
388,0,1,Mr. James Brown,male,,0,0,501582,17.8153,nan,S
389,1,3,Mrs. Barbara Thomas,female,0.4,1,2,536071,19.0361,nan,C
390,1,3,Mr. James Brown,male,37.4,0,0,38390,4.0129,nan,S
391,1,3,Mr. George Moore,male,44.9,0,1,673777,18.9503,nan,S
392,0,3,Miss. Susan Jackson,female,,0,0,82102,2.9969,nan,S
393,0,1,Mr. George Moore,male,,0,0,289570,32.6042,nan,S
394,1,2,Miss. Linda Anderson,female,,0,0,40750,12.528,nan,S
395,0,3,Mr. William Davis,male,13.1,0,0,592476,37.2859,nan,S
396,1,1,Mr. James Brown,male,9.9,0,0,283016,225.4817,nan,S
397,1,2,Miss. Mary Johnson,female,40.0,0,0,628519,4.6354,C103,S
398,0,1,Mr. William Davis,male,29.8,0,0,402004,37.2547,nan,C
399,1,1,Mr. James Brown,male,45.1,0,1,713446,13.5923,nan,S
400,1,2,Mr. Charles Wilson,male,,0,0,601058,14.2664,nan,S
401,0,1,Mr. George Moore,male,9.4,1,0,241360,51.8503,A6,C
402,1,3,Mr. George Moore,male,29.9,3,0,235440,30.0328,nan,S
403,0,3,Miss. Susan Jackson,female,35.8,4,0,920590,34.5714,nan,C
404,1,3,Mrs. Patricia Taylor,female,42.0,1,1,879946,6.2895,nan,S
405,0,1,Miss. Susan Jackson,female,32.2,0,0,753537,56.8477,G6,S
406,1,1,Miss. Linda Anderson,female,32.1,1,0,102663,190.3136,C85,S
407,0,1,Mrs. Barbara Thomas,female,24.1,0,2,700080,138.0584,nan,Q
408,0,3,Miss. Susan Jackson,female,52.8,0,0,683439,0.0476,nan,C
409,1,3,Mr. James Brown,male,13.7,0,0,944842,5.0148,nan,S
410,0,1,Mrs. Barbara Thomas,female,34.9,0,0,668651,46.0144,nan,S
411,0,3,Miss. Susan Jackson,female,15.4,1,0,215156,3.393,nan,C
412,1,1,Mr. John Smith,male,37.5,0,1,122808,18.6991,nan,S
413,1,3,Mr. George Moore,male,,0,1,120091,0.5007,F2,C
414,0,3,Mr. William Davis,male,40.5,2,2,895704,13.4037,nan,S
415,1,3,Mr. Charles Wilson,male,31.3,0,0,583681,3.9585,nan,S
416,0,3,Miss. Linda Anderson,female,55.0,0,0,627846,0.699,nan,S
417,0,3,Mr. John Smith,male,25.6,1,0,79770,3.4143,nan,S
418,0,2,Mr. John Smith,male,,0,0,823152,32.3811,C85,S
419,1,3,Miss. Linda Anderson,female,18.4,0,0,809800,24.7923,nan,Q
420,1,1,Mr. Charles Wilson,male,,0,0,195385,55.4266,nan,S
421,1,3,Mr. John Smith,male,31.2,0,0,844401,6.9937,nan,S
422,1,3,Mr. John Smith,male,7.6,1,0,58838,49.5311,nan,S
423,0,3,Miss. Susan Jackson,female,9.1,0,1,543022,2.91,D56,S
424,0,3,Mrs. Patricia Taylor,female,38.4,0,1,641475,3.1529,nan,C
425,0,3,Mr. John Smith,male,27.6,0,0,109329,4.4866,D56,C
426,0,3,Mrs. Barbara Thomas,female,21.1,0,0,530146,2.4655,nan,S
427,0,3,Mr. Charles Wilson,male,19.0,3,0,415413,6.2012,G6,Q
428,1,1,Miss. Susan Jackson,female,19.6,0,1,865327,203.0497,nan,C
429,0,1,Mrs. Barbara Thomas,female,31.3,0,0,768921,80.2549,F2,C
430,0,2,Miss. Susan Jackson,female,36.2,0,0,130424,10.6187,nan,S
431,0,1,Mr. John Smith,male,,1,0,984335,228.8449,nan,C
432,1,3,Miss. Mary Johnson,female,50.2,2,0,897687,0.6458,nan,S
433,1,1,Miss. Mary Johnson,female,49.2,0,0,330217,19.83,nan,S
434,0,3,Mr. John Smith,male,0.4,0,1,738285,10.8479,nan,C
435,0,2,Mrs. Patricia Taylor,female,,0,0,254042,19.119,nan,S
436,1,1,Mr. James Brown,male,45.0,1,0,745848,3.3903,D56,S
437,0,3,Miss. Mary Johnson,female,29.7,0,0,235683,6.7067,nan,C
438,1,3,Mr. Charles Wilson,male,,1,0,225547,13.6163,C85,C
439,1,3,Miss. Susan Jackson,female,44.4,0,1,253603,15.5683,C123,S
440,0,3,Mr. William Davis,male,26.2,1,0,715662,13.2145,nan,C
441,0,3,Mr. George Moore,male,37.7,0,1,812056,5.0244,nan,S
442,1,1,Mr. William Davis,male,61.9,0,0,208343,8.2477,nan,S
443,0,3,Mr. William Davis,male,33.4,0,0,296459,7.2419,nan,C
444,0,3,Mr. John Smith,male,,0,0,289566,1.7918,nan,S
445,1,3,Mr. William Davis,male,24.8,1,0,704497,38.3409,G6,S
446,1,1,Mr. John Smith,male,18.3,1,0,82663,54.1533,nan,S
447,1,3,Mr. James Brown,male,36.0,0,0,111216,4.9613,nan,S
448,1,1,Mr. Charles Wilson,male,18.0,0,0,975736,122.1137,nan,S
449,0,1,Miss. Linda Anderson,female,22.8,0,0,784888,57.8804,C103,C
450,0,2,Mr. Charles Wilson,male,11.1,1,1,266492,7.4223,nan,C
451,1,3,Miss. Mary Johnson,female,,0,2,481358,21.7248,nan,S
452,0,3,Miss. Linda Anderson,female,32.3,0,0,304887,26.2412,nan,C
453,0,3,Miss. Susan Jackson,female,0.4,0,2,502762,14.5317,nan,S
454,1,3,Mr. James Brown,male,33.5,0,0,418852,0.6253,C85,S
455,0,2,Mrs. Patricia Taylor,female,29.0,0,0,494100,16.7091,D56,C
456,0,2,Mr. William Davis,male,,0,1,544396,28.8188,nan,S
457,0,2,Mr. James Brown,male,59.1,0,0,214706,2.9353,nan,S
458,0,3,Mr. George Moore,male,43.6,4,0,570468,3.3753,nan,S
459,0,1,Mrs. Barbara Thomas,female,13.8,0,0,291027,179.8671,nan,S
460,0,3,Mr. George Moore,male,41.9,0,1,578688,0.2642,nan,C
461,0,3,Mr. James Brown,male,47.7,0,1,187071,18.1644,nan,S
462,1,2,Mrs. Barbara Thomas,female,,1,0,582239,12.8405,nan,S
463,1,3,Miss. Susan Jackson,female,34.9,0,0,410376,7.6958,A6,S
464,0,3,Mr. John Smith,male,,0,0,851694,0.0926,nan,S
465,1,3,Mr. John Smith,male,0.4,0,0,423145,22.249,C123,S
466,0,3,Mrs. Barbara Thomas,female,27.0,0,0,879565,5.7982,nan,S
467,0,2,Mr. Charles Wilson,male,,0,1,676483,15.5639,nan,C
468,1,2,Mr. Charles Wilson,male,50.4,1,0,387250,22.6207,G6,C
469,0,3,Mr. John Smith,male,34.5,1,0,693717,15.7661,nan,S
470,1,3,Miss. Susan Jackson,female,25.4,0,0,866928,40.6005,nan,S
471,0,1,Mrs. Barbara Thomas,female,28.4,0,0,698916,63.6617,nan,S
472,1,3,Miss. Mary Johnson,female,44.5,1,2,334078,6.6347,nan,Q
473,0,3,Mrs. Barbara Thomas,female,27.0,0,0,875318,39.945,G6,Q
474,1,3,Mr. Charles Wilson,male,19.6,1,0,40881,13.3579,C123,S
475,0,1,Mr. Charles Wilson,male,,0,0,814841,29.739,nan,C
476,1,3,Mr. John Smith,male,43.3,2,0,982920,1.7577,nan,S
477,0,3,Mr. George Moore,male,36.9,1,0,108171,24.0328,nan,S
478,0,1,Mr. John Smith,male,30.3,2,0,995486,37.7749,nan,S
479,1,2,Miss. Mary Johnson,female,32.5,0,0,263189,21.6038,nan,
480,0,3,Mr. Charles Wilson,male,,0,0,958161,8.2735,nan,S
481,1,1,Miss. Linda Anderson,female,,2,0,227815,18.6318,nan,S
482,1,3,Mr. William Davis,male,20.1,0,0,321095,11.9667,nan,S
483,0,3,Mr. William Davis,male,25.4,0,2,280896,0.8138,nan,S
484,1,2,Mr. John Smith,male,,1,0,651627,10.6663,nan,S
485,0,3,Mr. Charles Wilson,male,14.1,1,0,416656,10.2832,nan,S
486,1,3,Miss. Linda Anderson,female,19.7,2,0,54864,7.4462,B78,S
487,0,3,Mr. James Brown,male,11.5,0,0,715051,17.953,E46,S
488,0,2,Mr. James Brown,male,8.4,1,0,606323,35.1965,nan,S
489,1,3,Mr. James Brown,male,,1,0,96675,19.1762,nan,S
490,1,1,Mr. George Moore,male,20.7,0,0,294487,3.3252,A6,S
491,0,2,Mr. Charles Wilson,male,55.2,0,0,234320,4.3166,B78,S
492,1,3,Miss. Mary Johnson,female,25.6,0,0,553961,9.9994,C85,S
493,0,2,Miss. Mary Johnson,female,48.4,0,1,201026,54.6127,nan,S
494,0,3,Mr. Charles Wilson,male,43.7,4,0,195770,23.4201,F2,C
495,0,2,Miss. Susan Jackson,female,26.7,0,0,367168,36.971,nan,S
496,0,3,Mr. Charles Wilson,male,,1,0,560808,4.6965,nan,S
497,0,1,Mr. George Moore,male,33.6,4,0,512857,47.1367,B78,S
498,0,3,Mr. William Davis,male,51.6,0,0,779483,8.2707,nan,S
499,1,3,Mr. William Davis,male,,1,1,812216,2.226,B78,S
500,1,2,Mr. George Moore,male,35.7,0,0,389590,0.6312,nan,S
501,1,1,Mr. Charles Wilson,male,,1,1,48079,246.5932,E46,S
502,0,1,Mr. William Davis,male,38.7,0,0,54220,23.1315,nan,Q
503,0,3,Mr. Charles Wilson,male,13.1,3,0,161563,3.5668,G6,S
504,1,2,Mr. William Davis,male,30.5,0,0,122878,1.7412,nan,S
505,1,3,Mrs. Barbara Thomas,female,45.3,0,2,126583,34.2962,nan,S
506,0,2,Mr. Charles Wilson,male,51.8,1,0,58720,17.3375,nan,Q
507,1,2,Mr. James Brown,male,19.3,0,0,241876,21.9945,nan,C
508,1,3,Mr. George Moore,male,37.4,0,0,549006,31.5331,nan,S
509,1,3,Mr. John Smith,male,31.9,0,0,438813,5.5129,nan,C
510,1,1,Mr. George Moore,male,,1,0,857649,81.6109,nan,S
511,0,1,Mr. Charles Wilson,male,34.9,0,2,501567,3.3241,nan,C
512,0,1,Mr. Charles Wilson,male,,0,2,372812,17.3665,nan,C
513,1,3,Mr. George Moore,male,37.6,0,0,692192,23.1311,C123,S
514,1,3,Mr. Charles Wilson,male,50.6,0,2,982322,18.9244,nan,S
515,0,3,Mr. William Davis,male,,0,0,762758,5.613,nan,S
516,0,3,Mr. Charles Wilson,male,34.2,0,0,416080,6.1478,nan,S
517,0,3,Mr. George Moore,male,56.7,0,0,622666,9.914,nan,S
518,1,3,Mr. George Moore,male,45.8,0,0,18177,0.0031,nan,C
519,1,3,Miss. Susan Jackson,female,,0,4,711475,3.589,nan,S
520,0,1,Mr. James Brown,male,12.1,1,0,394462,19.6129,F2,S
521,0,1,Mr. James Brown,male,15.4,0,0,771595,24.2194,nan,S
522,0,2,Mr. James Brown,male,43.2,0,0,459426,32.7882,nan,S
523,1,1,Mrs. Patricia Taylor,female,20.6,0,0,455170,27.5563,nan,S
524,1,3,Mr. James Brown,male,15.1,0,0,645433,2.7638,nan,S
525,1,3,Mr. James Brown,male,,1,6,939348,9.1222,nan,S
526,0,1,Mr. James Brown,male,19.7,0,1,739490,168.6107,C103,S
527,0,1,Mr. George Moore,male,42.0,0,1,547706,23.202,nan,S
528,0,3,Mr. John Smith,male,27.4,0,0,175926,1.0633,nan,Q
529,0,3,Mr. James Brown,male,9.8,1,0,622363,5.7289,nan,S
530,1,2,Miss. Susan Jackson,female,30.2,0,0,513122,27.5389,C103,S
531,1,3,Mr. John Smith,male,32.9,0,0,971454,10.4006,nan,S
532,1,1,Mrs. Patricia Taylor,female,22.7,0,0,337371,142.5598,nan,S
533,1,1,Miss. Mary Johnson,female,46.5,4,0,416051,269.5334,nan,S
534,0,3,Mr. John Smith,male,23.6,0,0,289677,20.4543,nan,S
535,1,3,Mr. William Davis,male,45.8,0,0,517966,12.036,E101,S
536,1,1,Mr. Charles Wilson,male,38.4,1,0,498267,57.1131,nan,C
537,1,3,Mr. William Davis,male,43.1,1,0,897889,0.5316,nan,S
538,0,3,Mr. John Smith,male,13.8,0,0,379648,54.0214,D56,S
539,0,3,Miss. Susan Jackson,female,31.1,1,2,228930,263.0,nan,C
540,0,3,Mrs. Patricia Taylor,female,28.9,1,0,413439,2.1469,nan,S
541,1,3,Mr. Charles Wilson,male,9.1,0,1,658490,14.2836,nan,S
542,0,3,Mr. James Brown,male,45.7,0,0,544561,4.3482,nan,S
543,0,3,Miss. Susan Jackson,female,,0,0,567807,11.4576,nan,S
544,1,1,Mrs. Barbara Thomas,female,,3,0,689520,74.2347,D56,C
545,1,1,Miss. Linda Anderson,female,15.0,1,1,923456,49.5687,nan,S
546,0,2,Mr. John Smith,male,39.9,0,1,477601,36.1722,nan,C
547,0,3,Mr. George Moore,male,7.6,1,0,920972,4.0019,C123,Q
548,1,1,Mr. John Smith,male,38.7,0,0,518604,50.0097,nan,Q
549,0,3,Mr. John Smith,male,44.8,0,0,494408,10.0298,nan,C
550,1,3,Mr. James Brown,male,,0,0,190060,14.1639,nan,S
551,0,1,Mr. George Moore,male,40.0,0,2,413564,128.7171,E101,S
552,1,3,Miss. Mary Johnson,female,,1,0,617748,6.5287,A6,S
553,0,3,Mr. William Davis,male,,0,0,258792,13.5017,E101,S
554,0,3,Mr. Charles Wilson,male,50.5,1,0,638759,2.1221,D56,C
555,1,1,Mr. George Moore,male,23.0,0,0,638956,226.6172,nan,S
556,0,3,Mr. James Brown,male,,0,0,863951,6.2788,nan,Q
557,0,3,Mr. George Moore,male,24.9,4,0,362570,16.9983,C103,C
558,0,3,Mr. James Brown,male,36.8,0,0,24629,0.2672,nan,Q
559,1,3,Mrs. Barbara Thomas,female,21.9,0,0,845488,2.9854,nan,C
560,1,3,Mr. William Davis,male,30.7,0,0,807705,8.6793,nan,S
561,1,3,Mr. John Smith,male,11.8,1,1,130484,27.3755,nan,S
562,0,3,Mr. George Moore,male,,0,0,107275,9.7396,E46,S
563,0,3,Mrs. Patricia Taylor,female,39.4,0,0,443632,34.5463,nan,S
564,0,1,Mrs. Barbara Thomas,female,,0,0,148966,55.5454,nan,S
565,0,3,Miss. Mary Johnson,female,,0,0,56073,8.7649,F2,C
566,0,3,Mr. Charles Wilson,male,39.0,1,0,579981,1.6581,nan,C
567,0,3,Mr. William Davis,male,19.4,0,0,716826,21.0965,nan,S
568,0,1,Mr. John Smith,male,31.5,0,0,820775,23.8261,nan,S
569,1,3,Mr. John Smith,male,46.5,0,4,577383,29.8833,E46,S
570,0,2,Miss. Mary Johnson,female,17.9,0,0,172246,48.3429,C103,S
571,0,3,Mr. James Brown,male,,2,0,978305,37.3121,C123,S
572,1,1,Miss. Mary Johnson,female,,0,0,132388,61.6938,nan,S
573,0,3,Mrs. Barbara Thomas,female,,5,0,250787,14.6951,nan,S
574,1,3,Mr. James Brown,male,,0,0,213508,19.5963,G6,S
575,1,1,Miss. Mary Johnson,female,47.3,0,1,124441,11.796,A6,S
576,1,3,Mr. Charles Wilson,male,21.0,1,0,996840,11.9429,nan,S
577,0,2,Mr. Charles Wilson,male,,0,0,635070,0.698,nan,S
578,1,3,Mr. George Moore,male,39.0,1,0,792307,8.9478,B78,S
579,0,3,Mr. Charles Wilson,male,12.3,4,0,249343,2.187,D56,S
580,0,3,Mr. William Davis,male,39.7,0,0,446142,2.6263,D56,Q
581,0,3,Mr. John Smith,male,,0,0,869022,5.9047,C85,S
582,1,3,Mr. John Smith,male,,1,0,442043,7.3632,nan,S
583,0,2,Mr. John Smith,male,,0,0,642551,19.5194,nan,C
584,0,2,Mr. Charles Wilson,male,,0,0,447991,1.5469,nan,S
585,1,3,Mr. Charles Wilson,male,43.7,0,2,444417,9.1073,nan,Q
586,0,3,Mr. John Smith,male,34.5,0,0,825805,2.6215,nan,S
587,0,3,Mr. James Brown,male,53.4,1,1,299669,11.0923,nan,S
588,0,3,Mrs. Patricia Taylor,female,55.1,0,1,399860,13.1881,nan,S
589,0,2,Miss. Linda Anderson,female,55.3,0,0,376657,16.2706,nan,S
590,0,3,Miss. Susan Jackson,female,22.6,0,0,663689,17.427,nan,S
591,0,1,Miss. Linda Anderson,female,,0,0,106643,34.3463,nan,S
592,1,3,Mr. John Smith,male,21.7,0,0,695846,18.8321,nan,S
593,0,1,Miss. Mary Johnson,female,39.9,1,0,481820,47.6268,nan,S
594,0,2,Mr. John Smith,male,,0,1,159712,13.2401,nan,S
595,1,2,Mr. George Moore,male,,1,2,369838,20.8883,E46,S
596,0,2,Mrs. Barbara Thomas,female,37.8,1,0,202527,0.3706,nan,S
597,1,3,Mr. George Moore,male,8.4,0,0,570424,13.7969,nan,S
598,0,2,Miss. Linda Anderson,female,31.7,0,0,989929,19.2774,nan,S
599,0,3,Mrs. Barbara Thomas,female,45.9,0,1,66539,4.8209,nan,S
600,0,2,Mrs. Barbara Thomas,female,37.7,0,0,222736,1.794,nan,S
601,0,2,Miss. Linda Anderson,female,,1,0,428158,1.9068,E101,S
602,0,1,Mr. Charles Wilson,male,52.9,1,0,78363,215.6162,B78,S
603,0,1,Mr. James Brown,male,,0,0,199668,98.1843,nan,S
604,0,3,Mr. William Davis,male,,0,2,615814,1.7672,nan,Q
605,0,3,Mr. William Davis,male,46.9,2,0,307399,5.7353,E46,S
606,0,3,Mr. James Brown,male,46.7,3,0,203201,11.6697,E101,S
607,0,3,Miss. Susan Jackson,female,37.8,0,2,488739,23.4686,nan,S
608,0,2,Miss. Susan Jackson,female,27.4,0,0,652497,0.8929,nan,C
609,0,3,Mr. George Moore,male,29.7,0,0,252723,3.5102,nan,S
610,1,3,Mr. Charles Wilson,male,11.2,3,0,989790,28.6649,nan,Q
611,0,3,Mr. James Brown,male,,0,0,620725,0.1197,nan,Q
612,1,1,Mr. William Davis,male,,0,0,157349,18.8911,nan,S
613,1,2,Miss. Linda Anderson,female,10.7,0,0,667003,63.8955,nan,Q
614,0,2,Mr. William Davis,male,42.3,0,0,912332,19.0074,nan,S
615,1,2,Mr. Charles Wilson,male,35.6,0,0,820161,6.0673,C85,C
616,1,3,Mr. Charles Wilson,male,14.9,8,1,818250,0.9014,D56,S
617,0,3,Mr. George Moore,male,12.2,0,1,75555,0.3718,nan,S
618,0,3,Mr. Charles Wilson,male,,0,0,633267,3.6491,C103,S
619,1,3,Mr. George Moore,male,23.9,0,0,63629,27.7254,nan,C
620,1,3,Mr. George Moore,male,56.1,0,0,649584,6.9902,C123,S
621,0,3,Mr. William Davis,male,43.5,0,0,327582,16.564,nan,S
622,0,3,Mr. Charles Wilson,male,36.6,0,1,780109,32.5587,nan,S
623,0,1,Miss. Susan Jackson,female,37.3,0,0,281601,44.0426,nan,S
624,0,1,Mr. James Brown,male,49.0,0,0,200701,17.8331,nan,S
625,1,1,Mr. James Brown,male,42.0,0,0,306066,61.1506,C85,S
626,0,3,Mr. Charles Wilson,male,36.9,0,0,413036,31.0294,nan,S
627,0,3,Miss. Linda Anderson,female,15.5,3,0,435966,21.2102,nan,S
628,1,2,Mr. William Davis,male,74.1,2,0,380266,1.3619,nan,S
629,0,3,Miss. Susan Jackson,female,13.7,0,3,112020,15.3337,nan,S
630,0,1,Mr. Charles Wilson,male,,0,1,244618,71.265,nan,S
631,1,3,Mr. James Brown,male,5.7,1,0,523463,30.9419,nan,Q
632,1,2,Mr. George Moore,male,37.5,0,0,703150,2.6131,nan,S
633,0,1,Mr. George Moore,male,31.9,1,2,884837,64.1464,C103,Q
634,0,3,Miss. Mary Johnson,female,40.8,3,0,912562,27.5053,G6,C
635,0,2,Mr. Charles Wilson,male,4.5,0,0,175493,10.5535,nan,S
636,0,2,Mr. George Moore,male,45.8,0,0,864470,13.1554,nan,S
637,0,2,Mr. James Brown,male,18.0,3,1,783317,1.4613,nan,C
638,0,3,Mr. John Smith,male,27.5,0,0,223273,4.2371,nan,S
639,0,3,Mr. James Brown,male,,0,0,596613,5.1001,nan,S
640,0,2,Mr. William Davis,male,33.5,0,1,297744,58.053,C85,S
641,0,3,Miss. Mary Johnson,female,,0,2,956898,4.3188,nan,S
642,0,3,Mr. John Smith,male,41.3,1,2,220694,8.0314,C103,C
643,0,2,Mr. George Moore,male,35.9,1,0,272051,22.2525,C123,S
644,0,2,Miss. Linda Anderson,female,24.8,5,0,439387,3.5391,B78,S
645,0,1,Mr. George Moore,male,27.3,0,0,764899,55.977,E46,S
646,1,1,Mrs. Barbara Thomas,female,32.8,0,0,333670,112.6835,nan,S
647,0,3,Mr. James Brown,male,,0,0,784808,26.2121,nan,S
648,1,1,Mrs. Patricia Taylor,female,44.1,0,0,23149,82.6722,nan,S
649,1,3,Mr. George Moore,male,33.9,0,1,171466,14.3754,nan,C
650,0,3,Mrs. Patricia Taylor,female,,4,0,155468,1.755,nan,S
651,0,1,Mrs. Patricia Taylor,female,,1,0,426540,244.8298,nan,C
652,0,3,Mr. Charles Wilson,male,28.0,0,0,188270,1.8489,nan,S
653,0,2,Miss. Linda Anderson,female,27.1,0,0,122168,29.804,A6,S
654,1,3,Mr. John Smith,male,22.7,0,0,517026,3.9993,E101,S
655,0,3,Mr. George Moore,male,34.7,0,0,644101,35.2554,nan,S
656,0,3,Mr. George Moore,male,34.2,1,0,363923,16.5467,nan,S
657,0,3,Mr. Charles Wilson,male,20.0,0,0,266960,18.2217,nan,S
658,0,1,Mr. Charles Wilson,male,27.1,5,0,958520,20.7695,nan,S
659,1,3,Mr. John Smith,male,20.1,0,0,668554,7.6084,E101,C
660,0,3,Mr. William Davis,male,19.5,0,1,304542,12.504,nan,S
661,0,3,Miss. Susan Jackson,female,4.6,1,0,276933,19.1043,nan,S
662,1,3,Mrs. Barbara Thomas,female,26.4,0,0,488911,1.427,A6,S
663,0,3,Mr. George Moore,male,5.0,0,1,337111,42.6378,E46,S
664,0,1,Mr. James Brown,male,,0,0,774302,185.5798,nan,S
665,0,1,Mr. George Moore,male,20.8,0,2,202206,26.4758,nan,S
666,0,3,Mr. William Davis,male,45.0,1,1,271041,22.4933,nan,Q
667,0,2,Mr. William Davis,male,15.0,0,0,211958,14.6097,nan,C
668,0,3,Mr. George Moore,male,18.7,1,3,370981,8.054,nan,S
669,0,3,Mr. James Brown,male,24.2,0,0,166049,4.9076,nan,S
670,0,2,Miss. Linda Anderson,female,,0,0,111967,17.3962,nan,S
671,0,2,Mr. Charles Wilson,male,49.6,1,0,403345,26.1785,nan,C
672,1,3,Mr. George Moore,male,13.2,0,0,331827,6.8798,nan,S
673,0,2,Mr. James Brown,male,24.2,0,2,317475,19.8429,nan,S
674,0,3,Mr. Charles Wilson,male,34.5,0,0,258719,15.6219,nan,C
675,0,2,Mr. George Moore,male,42.5,0,0,831058,24.835,nan,S
676,1,3,Mr. James Brown,male,24.2,0,0,451719,0.6937,C103,S
677,0,1,Mr. Charles Wilson,male,1.9,0,0,168621,165.0023,nan,S
678,0,3,Mr. William Davis,male,27.5,0,0,546630,7.9684,D56,S
679,1,3,Miss. Susan Jackson,female,49.3,0,0,832849,3.9569,nan,S
680,1,3,Miss. Susan Jackson,female,33.8,3,1,741874,3.5979,nan,S
681,1,1,Mr. William Davis,male,,0,0,717609,55.4181,nan,S
682,0,3,Mr. John Smith,male,14.3,1,1,849096,28.3254,nan,S
683,0,3,Mr. Charles Wilson,male,12.8,0,0,773076,6.1799,nan,C
684,1,1,Mr. William Davis,male,30.0,0,1,805265,116.3566,nan,S
685,1,1,Mr. George Moore,male,9.0,1,0,857090,8.5539,nan,S
686,0,1,Mr. Charles Wilson,male,41.0,0,0,515655,54.2952,nan,S
687,0,3,Mr. Charles Wilson,male,,1,0,240099,62.2678,nan,C
688,0,3,Mr. John Smith,male,29.3,0,1,956977,19.1306,nan,C
689,1,3,Mr. George Moore,male,2.4,0,0,928241,3.0731,nan,S
690,0,1,Mrs. Patricia Taylor,female,24.0,0,2,891397,58.4669,nan,S
691,0,2,Miss. Mary Johnson,female,,0,0,974151,5.3217,nan,C
692,0,3,Miss. Mary Johnson,female,0.4,1,0,860486,6.8496,nan,S
693,0,3,Mr. James Brown,male,37.6,0,0,535587,19.6886,nan,S
694,0,3,Mrs. Patricia Taylor,female,,3,2,990785,19.1752,nan,C
695,0,1,Mr. John Smith,male,46.1,3,0,259240,21.7477,E46,S
696,0,3,Mrs. Barbara Thomas,female,,0,1,338019,33.2009,nan,Q
697,0,2,Mr. William Davis,male,23.7,0,1,698280,17.9576,nan,C
698,0,2,Miss. Linda Anderson,female,41.4,1,0,458052,9.5583,nan,S
699,0,3,Mr. John Smith,male,47.4,3,0,183453,9.0613,nan,Q
700,0,3,Mrs. Barbara Thomas,female,31.7,0,0,515275,12.0776,nan,S
701,0,3,Mrs. Patricia Taylor,female,12.5,0,0,386430,10.6695,nan,S
702,0,1,Mr. John Smith,male,,0,1,895162,55.9709,nan,S
703,0,1,Mr. George Moore,male,,1,0,328442,59.0572,nan,S
704,0,3,Mrs. Barbara Thomas,female,28.6,0,0,952013,2.5231,nan,S
705,0,3,Mr. George Moore,male,0.4,1,1,791798,21.7779,nan,C
706,1,2,Miss. Susan Jackson,female,8.4,0,0,655323,15.6073,nan,S
707,0,1,Mr. John Smith,male,23.5,0,0,183167,11.8023,nan,S
708,1,1,Mr. Charles Wilson,male,44.7,0,0,454740,122.0609,nan,S
709,0,3,Mr. George Moore,male,25.7,0,0,526030,35.0324,nan,C
710,1,1,Mr. Charles Wilson,male,45.0,0,0,381969,247.2347,nan,S
711,1,2,Miss. Linda Anderson,female,22.1,0,1,125637,9.2096,nan,S
712,0,1,Mr. George Moore,male,1.2,0,0,271046,12.2324,nan,S
713,0,2,Mr. George Moore,male,,0,0,994413,14.6128,G6,S
714,0,1,Mr. Charles Wilson,male,34.7,0,0,532222,10.0355,nan,S
715,0,3,Mr. William Davis,male,,4,0,869050,35.3328,nan,S
716,1,1,Miss. Susan Jackson,female,11.5,0,0,35532,17.0374,nan,S
717,1,3,Miss. Mary Johnson,female,24.6,0,2,118197,3.7879,nan,S
718,1,1,Mr. Charles Wilson,male,68.6,0,0,140860,43.8436,nan,Q
719,0,3,Mrs. Barbara Thomas,female,11.8,4,0,70285,6.281,G6,S
720,1,3,Miss. Susan Jackson,female,39.3,0,0,815298,20.5803,nan,S
721,1,3,Mr. William Davis,male,0.4,0,0,672953,7.9221,nan,S
722,0,3,Miss. Susan Jackson,female,,1,0,281639,2.4343,nan,S
723,0,2,Mr. James Brown,male,,0,0,256130,6.2179,D56,S
724,1,2,Mr. George Moore,male,,0,0,279981,14.2308,nan,S
725,0,3,Mrs. Patricia Taylor,female,11.0,0,0,742068,2.0739,nan,S
726,1,3,Mr. John Smith,male,33.9,0,0,946184,12.2962,nan,S
727,0,3,Mrs. Barbara Thomas,female,16.5,0,0,524938,10.8437,nan,S
728,1,3,Mrs. Barbara Thomas,female,19.3,1,2,982980,16.3049,nan,C
729,0,3,Mr. William Davis,male,36.1,0,0,268750,36.0863,nan,S
730,0,3,Miss. Susan Jackson,female,,1,0,525046,31.6331,nan,S
731,0,1,Mr. John Smith,male,35.2,0,0,302490,245.2945,nan,S
732,1,3,Mr. James Brown,male,26.9,1,0,118621,3.6486,nan,S
733,1,3,Mr. William Davis,male,30.7,0,0,295556,1.8338,nan,S
734,0,1,Miss. Mary Johnson,female,36.2,0,0,491615,30.2343,nan,S
735,0,3,Mr. John Smith,male,,0,0,128833,29.3099,C85,S
736,1,1,Mr. James Brown,male,,3,0,434020,300.5068,nan,S
737,0,3,Mrs. Patricia Taylor,female,22.0,0,0,75206,25.4969,F2,S
738,1,1,Mrs. Barbara Thomas,female,47.0,0,0,20934,9.7905,D56,Q
739,0,3,Miss. Susan Jackson,female,31.4,0,0,302867,38.2924,nan,S
740,0,3,Mr. William Davis,male,17.4,0,0,924400,7.1569,nan,S
741,0,2,Mr. George Moore,male,35.5,0,0,423621,0.1871,nan,C
742,0,3,Mr. William Davis,male,36.5,0,0,684108,7.5933,nan,S
743,1,3,Miss. Mary Johnson,female,37.2,0,0,736126,0.6131,nan,S
744,0,3,Mr. James Brown,male,15.5,0,0,711773,10.2049,nan,S
745,0,1,Mr. James Brown,male,19.8,0,1,949858,34.7195,nan,S
746,1,2,Miss. Mary Johnson,female,19.9,0,0,918420,12.8276,nan,S
747,0,1,Mr. John Smith,male,,1,0,491891,79.7808,nan,C
748,0,3,Miss. Linda Anderson,female,37.5,0,0,251630,26.4035,F2,S
749,1,3,Miss. Mary Johnson,female,34.0,0,2,944892,14.0974,nan,S
750,1,3,Miss. Linda Anderson,female,35.1,0,0,508577,7.4002,C85,S
751,0,3,Mr. George Moore,male,49.3,4,0,570811,22.2511,nan,C
752,1,3,Mr. James Brown,male,,3,0,897582,30.6803,C103,S
753,1,3,Mrs. Patricia Taylor,female,27.6,1,0,393094,1.6583,nan,S
754,0,1,Mrs. Patricia Taylor,female,12.5,0,0,985197,63.7681,nan,S
755,0,3,Miss. Susan Jackson,female,19.3,0,0,176804,4.3523,nan,S
756,1,1,Mr. George Moore,male,25.9,0,2,575934,4.0492,nan,S
757,1,3,Mrs. Barbara Thomas,female,41.7,0,2,686381,14.3555,E101,S
758,0,3,Miss. Linda Anderson,female,29.3,0,0,234310,25.8193,nan,Q
759,1,3,Miss. Linda Anderson,female,20.2,1,0,252024,2.3116,F2,S
760,1,1,Mrs. Barbara Thomas,female,19.1,1,2,267476,140.5753,nan,S
761,0,2,Mrs. Patricia Taylor,female,28.7,1,0,849208,38.4004,nan,S
762,0,2,Mr. William Davis,male,42.6,0,0,291260,49.1475,C85,S
763,0,2,Mr. William Davis,male,52.8,1,0,999513,6.1655,nan,S
764,1,1,Mr. James Brown,male,26.7,0,0,122858,196.8051,nan,S
765,0,3,Mr. John Smith,male,29.1,0,0,753631,5.0263,C85,C
766,0,3,Mr. John Smith,male,12.1,1,0,503213,10.4483,B78,S
767,1,2,Mr. Charles Wilson,male,57.8,0,0,86620,1.0366,C123,S
768,1,2,Mr. George Moore,male,9.4,0,0,972275,0.8975,C85,S
769,0,3,Mr. William Davis,male,46.7,0,0,431972,16.5659,nan,S
770,1,3,Mr. William Davis,male,24.4,1,0,92604,7.6421,C103,S
771,0,3,Mrs. Barbara Thomas,female,,1,1,628740,3.8494,nan,C
772,1,3,Mrs. Barbara Thomas,female,13.6,0,0,930423,2.746,F2,Q
773,0,3,Mr. William Davis,male,64.6,1,0,819982,14.4108,nan,S
774,0,3,Mrs. Patricia Taylor,female,32.9,0,2,177596,0.0052,nan,S
775,1,3,Mr. James Brown,male,30.0,0,2,457822,21.3114,nan,C
776,0,1,Mr. George Moore,male,42.6,1,0,734179,6.9356,nan,S
777,0,3,Mr. William Davis,male,20.3,1,0,604515,2.7633,nan,S
778,1,1,Mr. William Davis,male,29.7,4,0,295356,41.0042,C85,S
779,1,3,Miss. Linda Anderson,female,30.5,0,1,312262,8.6231,D56,C
780,1,2,Miss. Linda Anderson,female,22.3,0,2,825034,8.7699,nan,S
781,1,3,Mr. Charles Wilson,male,47.1,0,1,551828,5.0272,C85,C
782,0,3,Mr. John Smith,male,26.5,1,0,176901,43.1848,nan,C
783,0,3,Mr. William Davis,male,7.2,0,0,197381,13.3386,nan,S
784,0,3,Mr. John Smith,male,,1,0,730763,0.3083,nan,S
785,0,2,Mr. James Brown,male,33.3,0,0,867887,11.2486,C123,C
786,1,1,Mr. George Moore,male,16.7,0,0,556565,174.6789,nan,S
787,0,2,Mrs. Patricia Taylor,female,17.9,0,0,653421,7.1751,nan,S
788,0,1,Miss. Linda Anderson,female,21.8,0,0,462889,8.3437,nan,S
789,0,3,Mr. James Brown,male,47.4,0,0,262196,18.4653,nan,S
790,1,2,Mrs. Barbara Thomas,female,22.6,1,0,945180,18.6288,nan,S
791,0,3,Mr. John Smith,male,,0,0,446060,10.9811,nan,S
792,0,3,Mr. William Davis,male,20.8,0,0,992212,0.7158,nan,S
793,0,3,Mr. Charles Wilson,male,34.4,0,0,806184,1.9682,nan,C
794,0,1,Mr. John Smith,male,23.2,0,0,222620,81.8425,G6,S
795,0,3,Mrs. Barbara Thomas,female,,0,0,477927,3.0286,nan,S
796,1,3,Mr. James Brown,male,13.5,0,5,443886,9.1172,nan,S
797,1,3,Mr. William Davis,male,,0,0,208675,10.2336,nan,S
798,0,3,Mrs. Patricia Taylor,female,31.4,0,0,696838,4.334,F2,S
799,1,3,Mr. George Moore,male,20.4,0,0,429655,38.5414,nan,S
800,1,1,Miss. Linda Anderson,female,27.3,0,0,962251,155.2406,D56,S
801,1,3,Mr. James Brown,male,51.9,0,1,781784,16.6592,nan,S
802,0,2,Mr. William Davis,male,31.7,0,0,921764,1.6241,nan,C
803,0,1,Mr. John Smith,male,19.5,0,1,433026,9.4244,nan,S
804,0,2,Mr. William Davis,male,12.2,2,0,814734,13.5763,nan,S
805,0,1,Mr. William Davis,male,37.0,1,1,338380,14.717,nan,C
806,1,1,Miss. Mary Johnson,female,,1,0,74467,321.6236,nan,S
807,1,1,Mr. James Brown,male,39.8,0,1,374494,14.4978,B78,Q
808,1,3,Miss. Linda Anderson,female,8.5,1,0,962345,8.6891,A6,C
809,0,3,Mrs. Barbara Thomas,female,12.7,1,0,972217,5.8857,nan,S
810,0,3,Miss. Linda Anderson,female,46.3,1,0,452762,13.2593,nan,S
811,1,2,Mr. James Brown,male,34.5,0,2,790196,2.7631,nan,S
812,1,2,Mr. John Smith,male,37.4,0,0,799480,11.2535,nan,S
813,0,3,Mr. James Brown,male,15.7,1,0,783500,4.1753,nan,C
814,1,2,Miss. Susan Jackson,female,,0,1,960794,43.7408,C123,S
815,1,1,Mr. William Davis,male,44.1,0,0,593194,3.4803,G6,C
816,0,3,Mr. William Davis,male,44.8,0,0,348781,31.8532,nan,C
817,0,1,Mr. John Smith,male,13.9,0,0,301922,150.337,E46,S
818,0,3,Mr. William Davis,male,,0,0,168497,4.5917,nan,S
819,0,3,Mr. Charles Wilson,male,28.1,0,2,772405,20.2446,nan,S
820,0,1,Mr. Charles Wilson,male,18.1,0,1,748748,2.6637,nan,S
821,1,1,Mrs. Patricia Taylor,female,17.8,0,0,130918,286.2033,nan,S
822,0,3,Mr. John Smith,male,11.6,0,4,886468,9.7215,nan,S
823,0,3,Mr. George Moore,male,22.9,0,0,461392,4.6979,nan,S
824,0,1,Mr. James Brown,male,13.0,0,0,415890,37.8278,nan,C
825,0,3,Mr. John Smith,male,13.8,1,0,465618,0.8933,nan,S
826,1,1,Mr. John Smith,male,34.0,1,0,519325,381.5406,C123,S
827,0,3,Mrs. Patricia Taylor,female,,0,0,230979,0.5211,nan,S
828,0,3,Mr. James Brown,male,36.7,0,2,960557,13.8312,nan,C
829,1,2,Miss. Linda Anderson,female,5.8,0,1,782793,11.6943,nan,S
830,0,1,Mr. George Moore,male,29.8,1,0,21957,249.8402,nan,S
831,0,1,Mr. Charles Wilson,male,59.8,0,0,869076,23.7185,nan,Q
832,0,2,Miss. Linda Anderson,female,24.3,0,0,981120,15.1895,G6,S
833,0,1,Mr. John Smith,male,,0,2,909726,55.3113,nan,S
834,0,3,Mr. George Moore,male,,0,1,27829,15.7765,E46,S
835,0,1,Mr. George Moore,male,42.2,1,0,277981,5.9164,nan,C
836,0,3,Mr. James Brown,male,32.1,1,1,467357,2.8003,nan,S
837,1,3,Miss. Susan Jackson,female,37.9,0,0,156104,3.1397,C123,S
838,0,3,Mr. George Moore,male,39.8,0,0,109770,17.4198,C123,S
839,0,3,Miss. Mary Johnson,female,,0,0,560640,2.7256,C85,Q
840,1,2,Miss. Linda Anderson,female,13.5,0,0,40215,17.0425,nan,S
841,0,3,Mr. George Moore,male,4.9,0,0,459535,3.151,C123,S
842,1,3,Mrs. Patricia Taylor,female,,0,0,529751,25.7112,D56,Q
843,0,2,Mr. William Davis,male,25.8,0,0,740002,57.0103,E46,S
844,1,1,Mrs. Patricia Taylor,female,38.3,0,0,313391,61.3901,nan,Q
845,0,3,Mr. George Moore,male,13.7,2,0,663980,5.6464,nan,Q
846,0,3,Miss. Linda Anderson,female,43.1,0,0,708408,3.4664,C85,C
847,0,1,Mr. George Moore,male,22.4,1,0,784474,4.2893,nan,S
848,1,2,Mr. John Smith,male,22.6,1,2,216604,6.2532,nan,S
849,0,2,Mr. William Davis,male,17.6,0,0,601002,21.24,nan,C
850,0,3,Mrs. Patricia Taylor,female,,1,0,307463,9.9157,nan,Q
851,0,3,Mr. John Smith,male,33.0,0,0,653346,37.4808,nan,S
852,1,3,Mr. Charles Wilson,male,54.5,0,1,288169,6.5603,nan,C
853,0,1,Mrs. Patricia Taylor,female,28.8,0,6,19780,99.4328,C103,S
854,1,2,Miss. Susan Jackson,female,2.9,8,0,819138,13.4403,nan,S
855,0,3,Mrs. Patricia Taylor,female,41.0,0,0,708276,9.3421,nan,S
856,0,1,Mrs. Barbara Thomas,female,6.1,0,2,85503,26.18,nan,C
857,0,2,Mrs. Patricia Taylor,female,,2,0,171928,12.1376,nan,S
858,0,3,Miss. Mary Johnson,female,26.2,0,0,899598,8.2727,nan,S
859,0,1,Mr. James Brown,male,31.5,1,0,19179,103.0145,nan,Q
860,0,3,Mr. William Davis,male,,1,0,703983,36.7138,nan,S
861,1,1,Mrs. Barbara Thomas,female,25.7,1,0,682947,33.5551,A6,S
862,0,1,Mr. James Brown,male,40.1,4,0,689093,3.6218,nan,S
863,0,2,Mr. Charles Wilson,male,42.1,4,0,791570,13.7153,nan,S
864,0,3,Mr. John Smith,male,47.8,0,2,491522,10.2216,nan,S
865,0,3,Miss. Linda Anderson,female,57.4,1,0,633711,2.3979,nan,Q
866,0,3,Mr. George Moore,male,41.4,0,1,133076,18.5777,B78,S
867,0,3,Mr. James Brown,male,26.6,0,0,145047,54.5349,B78,C
868,0,1,Mr. John Smith,male,42.2,0,0,264477,244.8271,nan,S
869,1,3,Mr. Charles Wilson,male,36.5,0,0,743815,2.8539,nan,S
870,1,3,Mr. Charles Wilson,male,,4,2,347282,27.0706,nan,S
871,0,3,Mr. John Smith,male,,1,1,710823,15.8478,nan,S
872,0,1,Mr. James Brown,male,16.5,0,0,183226,50.8078,C103,S
873,1,3,Miss. Susan Jackson,female,14.8,0,1,216748,10.1122,nan,S
874,0,1,Mr. James Brown,male,28.3,0,0,521559,159.1345,nan,S
875,0,2,Miss. Linda Anderson,female,31.9,1,2,620994,13.0837,nan,S
876,0,3,Mrs. Patricia Taylor,female,19.8,1,0,126905,6.0728,nan,S
877,1,3,Mr. William Davis,male,35.8,0,2,38830,8.8365,nan,S
878,1,2,Mrs. Barbara Thomas,female,59.9,0,0,906508,17.3086,nan,Q
879,0,2,Mr. William Davis,male,4.4,0,0,475342,4.1917,G6,S
880,0,3,Miss. Susan Jackson,female,38.1,0,0,974249,30.0521,nan,S
881,0,3,Mr. John Smith,male,28.7,2,0,302753,14.5786,nan,Q
882,1,3,Miss. Linda Anderson,female,,0,0,551689,13.0406,nan,C
883,0,3,Mr. James Brown,male,23.5,0,0,430945,1.3624,D56,S
884,0,3,Mr. William Davis,male,27.6,0,0,899912,12.0481,nan,S
885,1,2,Mr. Charles Wilson,male,,0,0,128278,2.5785,F2,S
886,0,3,Miss. Linda Anderson,female,25.3,4,0,710527,1.0656,C85,S
887,1,2,Miss. Susan Jackson,female,7.7,0,0,235253,14.9863,C85,C
888,0,2,Mr. William Davis,male,26.3,0,2,853823,10.3096,nan,C
889,0,3,Mr. George Moore,male,9.2,0,0,660831,11.5531,nan,S
890,0,1,Mr. James Brown,male,39.2,1,0,925318,7.8503,nan,Q
891,1,3,Mrs. Barbara Thomas,female,,0,0,628871,7.33,nan,S
